-- phpMyAdmin SQL Dump
-- version 5.1.1
-- https://www.phpmyadmin.net/
--
-- Host: 127.0.0.1
-- Generation Time: Jun 20, 2022 at 03:03 PM
-- Server version: 10.4.22-MariaDB
-- PHP Version: 7.4.27

SET SQL_MODE = "NO_AUTO_VALUE_ON_ZERO";
START TRANSACTION;
SET time_zone = "+00:00";


/*!40101 SET @OLD_CHARACTER_SET_CLIENT=@@CHARACTER_SET_CLIENT */;
/*!40101 SET @OLD_CHARACTER_SET_RESULTS=@@CHARACTER_SET_RESULTS */;
/*!40101 SET @OLD_COLLATION_CONNECTION=@@COLLATION_CONNECTION */;
/*!40101 SET NAMES utf8mb4 */;

--
-- Database: `sari_jaya`
--

-- --------------------------------------------------------

--
-- Table structure for table `mobil`
--

CREATE TABLE `mobil` (
  `id_mobil` int(11) NOT NULL,
  `nopol` varchar(50) NOT NULL,
  `tahun` int(11) NOT NULL,
  `id_sopir1` int(11) NOT NULL,
  `id_sopir2` int(11) NOT NULL
) ENGINE=InnoDB DEFAULT CHARSET=utf8mb4;

--
-- Dumping data for table `mobil`
--

INSERT INTO `mobil` (`id_mobil`, `nopol`, `tahun`, `id_sopir1`, `id_sopir2`) VALUES
(1, 'H 1695/1431/7248', 2012, 2, 3),
(2, 'H 1442/1450/7105', 2002, 7, 8),
(3, 'H 1447/1602/7247', 2006, 9, 10),
(4, 'H 1565/7106', 2005, 11, 12),
(5, 'H 1731/7247		', 2011, 13, 14),
(6, 'ADMIN', 56522222, 1, 0);

-- --------------------------------------------------------

--
-- Table structure for table `pendapatan`
--

CREATE TABLE `pendapatan` (
  `id_pendapatan` int(11) NOT NULL,
  `tgl` date NOT NULL,
  `nominalsopir1` int(20) NOT NULL,
  `nominalsopir2` int(20) NOT NULL,
  `id_mobil` varchar(20) NOT NULL
) ENGINE=InnoDB DEFAULT CHARSET=utf8mb4;

--
-- Dumping data for table `pendapatan`
--

INSERT INTO `pendapatan` (`id_pendapatan`, `tgl`, `nominalsopir1`, `nominalsopir2`, `id_mobil`) VALUES
(1, '2012-01-01', 4515000, 0, '1'),
(2, '2012-02-01', 4350000, 0, '1'),
(3, '2012-03-01', 4285000, 0, '1'),
(4, '2012-04-01', 4385000, 0, '1'),
(5, '2012-05-01', 3650000, 0, '1'),
(6, '2012-06-01', 4275000, 0, '1'),
(7, '2012-07-01', 4280000, 0, '1'),
(8, '2012-08-01', 4615000, 0, '1'),
(9, '2012-09-01', 4280000, 0, '1'),
(10, '2012-10-01', 510000, 0, '1'),
(11, '2012-11-01', 1280000, 0, '1'),
(12, '2012-12-01', 5840000, 0, '1'),
(13, '2013-01-01', 4270000, 0, '1'),
(14, '2013-02-01', 1820000, 0, '1'),
(15, '2013-03-01', 0, 0, '1'),
(16, '2013-04-01', 0, 0, '1'),
(17, '2013-05-01', 3670000, 0, '1'),
(18, '2013-06-01', 6270000, 0, '1'),
(19, '2013-07-01', 6630000, 0, '1'),
(20, '2013-08-01', 6120000, 0, '1'),
(21, '2013-09-01', 6280000, 0, '1'),
(22, '2013-10-01', 6470000, 0, '1'),
(23, '2013-11-01', 6190000, 0, '1'),
(24, '2013-12-01', 6610000, 0, '1'),
(25, '2014-01-01', 6410000, 0, '1'),
(26, '2014-02-01', 5810000, 0, '1'),
(27, '2014-03-01', 6310000, 0, '1'),
(28, '2014-04-01', 5860000, 0, '1'),
(29, '2014-05-01', 6030000, 0, '1'),
(30, '2014-06-01', 6180000, 0, '1'),
(31, '2014-07-01', 6090000, 0, '1'),
(32, '2014-08-01', 4470000, 0, '1'),
(33, '2014-09-01', 4730000, 0, '1'),
(34, '2014-10-01', 6160000, 0, '1'),
(35, '2014-11-01', 6060000, 0, '1'),
(36, '2014-12-01', 6215000, 0, '1'),
(37, '2015-01-01', 6110000, 0, '1'),
(38, '2015-02-01', 6180000, 0, '1'),
(39, '2015-03-01', 6280000, 0, '1'),
(40, '2015-04-01', 6160000, 0, '1'),
(41, '2015-05-01', 6210000, 0, '1'),
(42, '2015-06-01', 6140000, 0, '1'),
(43, '2015-07-01', 6020000, 0, '1'),
(44, '2015-08-01', 6135000, 0, '1'),
(45, '2015-09-01', 6290000, 0, '1'),
(46, '2015-10-01', 5850000, 0, '1'),
(47, '2015-11-01', 6480000, 0, '1'),
(48, '2015-12-01', 6190000, 0, '1'),
(49, '2016-01-01', 6275000, 0, '1'),
(50, '2016-02-01', 6200000, 0, '1'),
(51, '2016-03-01', 6420000, 0, '1'),
(52, '2016-04-01', 6500000, 0, '1'),
(53, '2016-05-01', 6680000, 0, '1'),
(54, '2016-06-01', 6110000, 0, '1'),
(55, '2016-07-01', 6220000, 0, '1'),
(56, '2016-08-01', 6380000, 0, '1'),
(57, '2016-09-01', 6520000, 0, '1'),
(58, '2016-10-01', 6650000, 0, '1'),
(59, '2016-11-01', 6460000, 0, '1'),
(60, '2016-12-01', 6130000, 0, '1'),
(61, '2017-01-01', 6610000, 0, '1'),
(62, '2017-02-01', 5225000, 0, '1'),
(63, '2017-03-01', 6700000, 0, '1'),
(64, '2017-04-01', 6540000, 0, '1'),
(65, '2017-05-01', 6660000, 0, '1'),
(66, '2017-06-01', 6450000, 0, '1'),
(67, '2017-07-01', 6780000, 0, '1'),
(68, '2017-08-01', 6360000, 0, '1'),
(69, '2017-09-01', 6430000, 0, '1'),
(70, '2017-10-01', 6140000, 0, '1'),
(71, '2017-11-01', 5540000, 0, '1'),
(72, '2017-12-01', 6610000, 0, '1'),
(73, '2018-01-01', 6660000, 0, '1'),
(74, '2018-02-01', 5900000, 0, '1'),
(75, '2018-03-01', 6650000, 0, '1'),
(76, '2018-04-01', 6170000, 0, '1'),
(77, '2018-05-01', 6440000, 0, '1'),
(78, '2018-06-01', 6260000, 0, '1'),
(79, '2018-07-01', 6540000, 0, '1'),
(80, '2018-08-01', 6540000, 0, '1'),
(81, '2018-09-01', 6170000, 0, '1'),
(82, '2018-10-01', 6720000, 0, '1'),
(83, '2018-11-01', 6210000, 0, '1'),
(84, '2018-12-01', 6530000, 0, '1'),
(85, '2019-01-01', 6340000, 0, '1'),
(86, '2019-02-01', 6040000, 0, '1'),
(87, '2019-03-01', 6550000, 0, '1'),
(88, '2019-04-01', 6291000, 0, '1'),
(89, '2019-05-01', 6700000, 0, '1'),
(90, '2019-06-01', 6480000, 0, '1'),
(91, '2019-07-01', 6760000, 0, '1'),
(92, '2019-08-01', 6570000, 0, '1'),
(93, '2019-09-01', 6410000, 0, '1'),
(94, '2019-10-01', 6650000, 0, '1'),
(95, '2019-11-01', 6330000, 0, '1'),
(96, '2019-12-01', 6660000, 0, '1'),
(97, '2020-01-01', 6500000, 0, '1'),
(98, '2020-02-01', 6280000, 0, '1'),
(99, '2020-03-01', 5880000, 0, '1'),
(100, '2020-04-01', 1950000, 0, '1'),
(101, '2020-05-01', 0, 0, '1'),
(102, '2020-06-01', 850000, 0, '1'),
(103, '2020-07-01', 3090000, 0, '1'),
(104, '2020-08-01', 3250000, 0, '1'),
(105, '2020-09-01', 3260000, 0, '1'),
(106, '2020-10-01', 0, 0, '1'),
(107, '2020-11-01', 0, 0, '1'),
(108, '2020-12-01', 0, 0, '1'),
(109, '2021-01-01', 3310000, 0, '1'),
(110, '2021-02-01', 2580000, 0, '1'),
(111, '2021-03-01', 3630000, 0, '1'),
(112, '2021-04-01', 2930000, 0, '1'),
(113, '2021-05-01', 3210000, 0, '1'),
(114, '2021-06-01', 3350000, 0, '1'),
(115, '2021-07-01', 2640000, 0, '1'),
(116, '2021-08-01', 3270000, 0, '1'),
(117, '2021-09-01', 3430000, 0, '1'),
(118, '2021-10-01', 4140000, 0, '1'),
(119, '2021-11-01', 3480000, 0, '1'),
(120, '2021-12-01', 3790000, 0, '1'),
(121, '2022-01-01', 4100000, 0, '1'),
(122, '2012-01-01', 4120000, 0, '2'),
(123, '2012-02-01', 3500000, 0, '2'),
(124, '2012-03-01', 4065000, 0, '2'),
(125, '2012-04-01', 4010000, 0, '2'),
(126, '2012-05-01', 3405000, 0, '2'),
(127, '2012-06-01', 4110000, 0, '2'),
(128, '2012-07-01', 4130000, 0, '2'),
(129, '2012-08-01', 4270000, 0, '2'),
(130, '2012-09-01', 4090000, 0, '2'),
(131, '2012-10-01', 4200000, 0, '2'),
(132, '2012-11-01', 3640000, 0, '2'),
(133, '2012-12-01', 4280000, 0, '2'),
(134, '2013-01-01', 4270000, 0, '2'),
(135, '2013-02-01', 1820000, 0, '2'),
(136, '2013-03-01', 0, 0, '2'),
(137, '2013-04-01', 0, 0, '2'),
(138, '2013-05-01', 3670000, 0, '2'),
(139, '2013-06-01', 6270000, 0, '2'),
(140, '2013-07-01', 6630000, 0, '2'),
(141, '2013-08-01', 6120000, 0, '2'),
(142, '2013-09-01', 6280000, 0, '2'),
(143, '2013-10-01', 6470000, 0, '2'),
(144, '2013-11-01', 6190000, 0, '2'),
(145, '2013-12-01', 6610000, 0, '2'),
(146, '2014-01-01', 6410000, 0, '2'),
(147, '2014-02-01', 5810000, 0, '2'),
(148, '2014-03-01', 6310000, 0, '2'),
(149, '2014-04-01', 5860000, 0, '2'),
(150, '2014-05-01', 6030000, 0, '2'),
(151, '2014-06-01', 6180000, 0, '2'),
(152, '2014-07-01', 6090000, 0, '2'),
(153, '2014-08-01', 4470000, 0, '2'),
(154, '2014-09-01', 4730000, 0, '2'),
(155, '2014-10-01', 6160000, 0, '2'),
(156, '2014-11-01', 6060000, 0, '2'),
(157, '2014-12-01', 6215000, 0, '2'),
(158, '2015-01-01', 6360000, 0, '2'),
(159, '2015-02-01', 5755000, 0, '2'),
(160, '2015-03-01', 6250000, 0, '2'),
(161, '2015-04-01', 6110000, 0, '2'),
(162, '2015-05-01', 6450000, 0, '2'),
(163, '2015-06-01', 5850000, 0, '2'),
(164, '2015-07-01', 5850000, 0, '2'),
(165, '2015-08-01', 6250000, 0, '2'),
(166, '2015-09-01', 6020000, 0, '2'),
(167, '2015-10-01', 6035000, 0, '2'),
(168, '2015-11-01', 6520000, 0, '2'),
(169, '2015-12-01', 6050000, 0, '2'),
(170, '2016-01-01', 6350000, 0, '2'),
(171, '2016-02-01', 6030000, 0, '2'),
(172, '2016-03-01', 6500000, 0, '2'),
(173, '2016-04-01', 6340000, 0, '2'),
(174, '2016-05-01', 6820000, 0, '2'),
(175, '2016-06-01', 6100000, 0, '2'),
(176, '2016-07-01', 6190000, 0, '2'),
(177, '2016-08-01', 6580000, 0, '2'),
(178, '2016-09-01', 6170000, 0, '2'),
(179, '2016-10-01', 6500000, 0, '2'),
(180, '2016-11-01', 6400000, 0, '2'),
(181, '2016-12-01', 6690000, 0, '2'),
(182, '2017-01-01', 6410000, 0, '2'),
(183, '2017-02-01', 5825000, 0, '2'),
(184, '2017-03-01', 6394000, 0, '2'),
(185, '2017-04-01', 6370000, 0, '2'),
(186, '2017-05-01', 6360000, 0, '2'),
(187, '2017-06-01', 6320000, 0, '2'),
(188, '2017-07-01', 6650000, 0, '2'),
(189, '2017-08-01', 6270000, 0, '2'),
(190, '2017-09-01', 6460000, 0, '2'),
(191, '2017-10-01', 6780000, 0, '2'),
(192, '2017-11-01', 6320000, 0, '2'),
(193, '2017-12-01', 6580000, 0, '2'),
(194, '2018-01-01', 6400000, 0, '2'),
(195, '2018-02-01', 5900000, 0, '2'),
(196, '2018-03-01', 6570000, 0, '2'),
(197, '2018-04-01', 6330000, 0, '2'),
(198, '2018-05-01', 6460000, 0, '2'),
(199, '2018-06-01', 6510000, 0, '2'),
(200, '2018-07-01', 6660000, 0, '2'),
(201, '2018-08-01', 6290000, 0, '2'),
(202, '2018-09-01', 6480000, 0, '2'),
(203, '2018-10-01', 6460000, 0, '2'),
(204, '2018-11-01', 6130000, 0, '2'),
(205, '2018-12-01', 6470000, 0, '2'),
(206, '2019-01-01', 6430000, 0, '2'),
(207, '2019-02-01', 5990000, 0, '2'),
(208, '2019-03-01', 5940000, 0, '2'),
(209, '2019-04-01', 5890000, 0, '2'),
(210, '2019-05-01', 6260000, 0, '2'),
(211, '2019-06-01', 4880000, 0, '2'),
(212, '2019-07-01', 6560000, 0, '2'),
(213, '2019-08-01', 6410000, 0, '2'),
(214, '2019-09-01', 6410000, 0, '2'),
(215, '2019-10-01', 6580000, 0, '2'),
(216, '2019-11-01', 6090000, 0, '2'),
(217, '2019-12-01', 6590000, 0, '2'),
(218, '2020-01-01', 6380000, 0, '2'),
(219, '2020-02-01', 6150000, 0, '2'),
(220, '2020-03-01', 6050000, 0, '2'),
(221, '2020-04-01', 2940000, 0, '2'),
(222, '2020-05-01', 2490000, 0, '2'),
(223, '2020-06-01', 2780000, 0, '2'),
(224, '2020-07-01', 2970000, 0, '2'),
(225, '2020-08-01', 3100000, 0, '2'),
(226, '2020-09-01', 3360000, 0, '2'),
(227, '2020-10-01', 0, 0, '2'),
(228, '2020-11-01', 0, 0, '2'),
(229, '2020-12-01', 0, 0, '2'),
(230, '2021-01-01', 2530000, 0, '2'),
(231, '2021-02-01', 2480000, 0, '2'),
(232, '2021-03-01', 3000000, 0, '2'),
(233, '2021-04-01', 3860000, 0, '2'),
(234, '2021-05-01', 2990000, 0, '2'),
(235, '2021-06-01', 2790000, 0, '2'),
(236, '2021-07-01', 2660000, 0, '2'),
(237, '2021-08-01', 180000, 0, '2'),
(238, '2021-09-01', 3270000, 0, '2'),
(239, '2021-10-01', 3490000, 0, '2'),
(240, '2021-11-01', 3400000, 0, '2'),
(241, '2021-12-01', 3920000, 0, '2'),
(242, '2022-01-01', 2811000, 0, '2'),
(243, '2012-01-01', 4620000, 0, '3'),
(244, '2012-02-01', 4445000, 0, '3'),
(245, '2012-03-01', 4645000, 0, '3'),
(246, '2012-04-01', 4355000, 0, '3'),
(247, '2012-05-01', 3705000, 0, '3'),
(248, '2012-06-01', 4420000, 0, '3'),
(249, '2012-07-01', 4405000, 0, '3'),
(250, '2012-08-01', 4390000, 0, '3'),
(251, '2012-09-01', 3745000, 0, '3'),
(252, '2012-10-01', 4635000, 0, '3'),
(253, '2012-11-01', 4360000, 0, '3'),
(254, '2012-12-01', 4590000, 0, '3'),
(255, '2013-01-01', 4415000, 0, '3'),
(256, '2013-02-01', 4240000, 0, '3'),
(257, '2013-03-01', 4170000, 0, '3'),
(258, '2013-04-01', 4165000, 0, '3'),
(259, '2013-05-01', 4540000, 0, '3'),
(260, '2013-06-01', 4250000, 0, '3'),
(261, '2013-07-01', 4535000, 0, '3'),
(262, '2013-08-01', 4160000, 0, '3'),
(263, '2013-09-01', 4495000, 0, '3'),
(264, '2013-10-01', 4480000, 0, '3'),
(265, '2013-11-01', 4050000, 0, '3'),
(266, '2013-12-01', 3860000, 0, '3'),
(267, '2014-01-01', 4675000, 0, '3'),
(268, '2014-02-01', 4360000, 0, '3'),
(269, '2014-03-01', 4500000, 0, '3'),
(270, '2014-04-01', 6230000, 0, '3'),
(271, '2014-05-01', 4790000, 0, '3'),
(272, '2014-06-01', 3880000, 0, '3'),
(273, '2014-07-01', 3980000, 0, '3'),
(274, '2014-08-01', 6310000, 0, '3'),
(275, '2014-09-01', 6120000, 0, '3'),
(276, '2014-10-01', 4580000, 0, '3'),
(277, '2014-11-01', 4210000, 0, '3'),
(278, '2014-12-01', 4620000, 0, '3'),
(279, '2015-01-01', 4850000, 0, '3'),
(280, '2015-02-01', 3830000, 0, '3'),
(281, '2015-03-01', 4735000, 0, '3'),
(282, '2015-04-01', 4420000, 0, '3'),
(283, '2015-05-01', 4520000, 0, '3'),
(284, '2015-06-01', 4430000, 0, '3'),
(285, '2015-07-01', 4520000, 0, '3'),
(286, '2015-08-01', 4070000, 0, '3'),
(287, '2015-09-01', 4390000, 0, '3'),
(288, '2015-10-01', 4340000, 0, '3'),
(289, '2015-11-01', 4580000, 0, '3'),
(290, '2015-12-01', 2550000, 0, '3'),
(291, '2016-01-01', 0, 0, '3'),
(292, '2016-02-01', 0, 0, '3'),
(293, '2016-03-01', 0, 0, '3'),
(294, '2016-04-01', 0, 0, '3'),
(295, '2016-05-01', 0, 0, '3'),
(296, '2016-06-01', 6600000, 0, '3'),
(297, '2016-07-01', 6500000, 0, '3'),
(298, '2016-08-01', 6650000, 0, '3'),
(299, '2016-09-01', 5830000, 0, '3'),
(300, '2016-10-01', 6700000, 0, '3'),
(301, '2016-11-01', 6530000, 0, '3'),
(302, '2016-12-01', 6790000, 0, '3'),
(303, '2017-01-01', 6810000, 0, '3'),
(304, '2017-02-01', 6070000, 0, '3'),
(305, '2017-03-01', 6780000, 0, '3'),
(306, '2017-04-01', 6440000, 0, '3'),
(307, '2017-05-01', 6700000, 0, '3'),
(308, '2017-06-01', 6490000, 0, '3'),
(309, '2017-07-01', 6680000, 0, '3'),
(310, '2017-08-01', 6190000, 0, '3'),
(311, '2017-09-01', 6440000, 0, '3'),
(312, '2017-10-01', 6670000, 0, '3'),
(313, '2017-11-01', 6680000, 0, '3'),
(314, '2017-12-01', 6190000, 0, '3'),
(315, '2018-01-01', 6650000, 0, '3'),
(316, '2018-02-01', 6160000, 0, '3'),
(317, '2018-03-01', 6670000, 0, '3'),
(318, '2018-04-01', 6200000, 0, '3'),
(319, '2018-05-01', 6610000, 0, '3'),
(320, '2018-06-01', 6330000, 0, '3'),
(321, '2018-07-01', 6680000, 0, '3'),
(322, '2018-08-01', 6400000, 0, '3'),
(323, '2018-09-01', 6420000, 0, '3'),
(324, '2018-10-01', 6600000, 0, '3'),
(325, '2018-11-01', 6590000, 0, '3'),
(326, '2018-12-01', 6570000, 0, '3'),
(327, '2019-01-01', 6580000, 0, '3'),
(328, '2019-02-01', 5920000, 0, '3'),
(329, '2019-03-01', 6360000, 0, '3'),
(330, '2019-04-01', 6290000, 0, '3'),
(331, '2019-05-01', 6600000, 0, '3'),
(332, '2019-06-01', 6090000, 0, '3'),
(333, '2019-07-01', 6320000, 0, '3'),
(334, '2019-08-01', 6310000, 0, '3'),
(335, '2019-09-01', 6700000, 0, '3'),
(336, '2019-10-01', 6600000, 0, '3'),
(337, '2019-11-01', 6420000, 0, '3'),
(338, '2019-12-01', 6480000, 0, '3'),
(339, '2020-01-01', 6590000, 0, '3'),
(340, '2020-02-01', 5910000, 0, '3'),
(341, '2020-03-01', 5480000, 0, '3'),
(342, '2020-04-01', 3150000, 0, '3'),
(343, '2020-05-01', 2650000, 0, '3'),
(344, '2020-06-01', 2785000, 0, '3'),
(345, '2020-07-01', 2920000, 0, '3'),
(346, '2020-08-01', 3200000, 0, '3'),
(347, '2020-09-01', 3350000, 0, '3'),
(348, '2020-10-01', 0, 0, '3'),
(349, '2020-11-01', 0, 0, '3'),
(350, '2020-12-01', 0, 0, '3'),
(351, '2021-01-01', 3020000, 0, '3'),
(352, '2021-02-01', 2750000, 0, '3'),
(353, '2021-03-01', 3160000, 0, '3'),
(354, '2021-04-01', 3400000, 0, '3'),
(355, '2021-05-01', 2960000, 0, '3'),
(356, '2021-06-01', 3370000, 0, '3'),
(357, '2021-07-01', 3360000, 0, '3'),
(358, '2021-08-01', 3405000, 0, '3'),
(359, '2021-09-01', 3330000, 0, '3'),
(360, '2021-10-01', 3980000, 0, '3'),
(361, '2021-11-01', 3850000, 0, '3'),
(362, '2021-12-01', 4080000, 0, '3'),
(363, '2022-01-01', 4180000, 0, '3'),
(364, '2012-01-01', 3815000, 0, '4'),
(365, '2012-02-01', 3255000, 0, '4'),
(366, '2012-03-01', 4465000, 0, '4'),
(367, '2012-04-01', 4005000, 0, '4'),
(368, '2012-05-01', 3205000, 0, '4'),
(369, '2012-06-01', 3880000, 0, '4'),
(370, '2012-07-01', 4480000, 0, '4'),
(371, '2012-08-01', 4200000, 0, '4'),
(372, '2012-09-01', 4400000, 0, '4'),
(373, '2012-10-01', 4375000, 0, '4'),
(374, '2012-11-01', 4255000, 0, '4'),
(375, '2012-12-01', 4265000, 0, '4'),
(376, '2013-01-01', 4210000, 0, '4'),
(377, '2013-02-01', 3960000, 0, '4'),
(378, '2013-03-01', 4100000, 0, '4'),
(379, '2013-04-01', 3835000, 0, '4'),
(380, '2013-05-01', 4155000, 0, '4'),
(381, '2013-06-01', 4030000, 0, '4'),
(382, '2013-07-01', 4445000, 0, '4'),
(383, '2013-08-01', 4085000, 0, '4'),
(384, '2013-09-01', 3990000, 0, '4'),
(385, '2013-10-01', 4000000, 0, '4'),
(386, '2013-11-01', 4070000, 0, '4'),
(387, '2013-12-01', 4070000, 0, '4'),
(388, '2014-01-01', 3950000, 0, '4'),
(389, '2014-02-01', 3650000, 0, '4'),
(390, '2014-03-01', 3820000, 0, '4'),
(391, '2014-04-01', 3150000, 0, '4'),
(392, '2014-05-01', 3810000, 0, '4'),
(393, '2014-06-01', 4075000, 0, '4'),
(394, '2014-07-01', 3135000, 0, '4'),
(395, '2014-08-01', 960000, 0, '4'),
(396, '2014-09-01', 0, 0, '4'),
(397, '2014-10-01', 2100000, 0, '4'),
(398, '2014-11-01', 4310000, 0, '4'),
(399, '2014-12-01', 4960000, 0, '4'),
(400, '2015-01-01', 5115000, 0, '4'),
(401, '2015-02-01', 4860000, 0, '4'),
(402, '2015-03-01', 5300000, 0, '4'),
(403, '2015-04-01', 4950000, 0, '4'),
(404, '2015-05-01', 5040000, 0, '4'),
(405, '2015-06-01', 5150000, 0, '4'),
(406, '2015-07-01', 4880000, 0, '4'),
(407, '2015-08-01', 4880000, 0, '4'),
(408, '2015-09-01', 4570000, 0, '4'),
(409, '2015-10-01', 5140000, 0, '4'),
(410, '2015-11-01', 4180000, 0, '4'),
(411, '2015-12-01', 4650000, 0, '4'),
(412, '2016-01-01', 5440000, 0, '4'),
(413, '2016-02-01', 4985000, 0, '4'),
(414, '2016-03-01', 5140000, 0, '4'),
(415, '2016-04-01', 5220000, 0, '4'),
(416, '2016-05-01', 5150000, 0, '4'),
(417, '2016-06-01', 5070000, 0, '4'),
(418, '2016-07-01', 4390000, 0, '4'),
(419, '2016-08-01', 4990000, 0, '4'),
(420, '2016-09-01', 4800000, 0, '4'),
(421, '2016-10-01', 4540000, 0, '4'),
(422, '2016-11-01', 4670000, 0, '4'),
(423, '2016-12-01', 4750000, 0, '4'),
(424, '2017-01-01', 5000000, 0, '4'),
(425, '2017-02-01', 4265000, 0, '4'),
(426, '2017-03-01', 3755000, 0, '4'),
(427, '2017-04-01', 4930000, 0, '4'),
(428, '2017-05-01', 5535000, 0, '4'),
(429, '2017-06-01', 4980000, 0, '4'),
(430, '2017-07-01', 5320000, 0, '4'),
(431, '2017-08-01', 5140000, 0, '4'),
(432, '2017-09-01', 4650000, 0, '4'),
(433, '2017-10-01', 5320000, 0, '4'),
(434, '2017-11-01', 5340000, 0, '4'),
(435, '2017-12-01', 5660000, 0, '4'),
(436, '2018-01-01', 5230000, 0, '4'),
(437, '2018-02-01', 5210000, 0, '4'),
(438, '2018-03-01', 5240000, 0, '4'),
(439, '2018-04-01', 4900000, 0, '4'),
(440, '2018-05-01', 5120000, 0, '4'),
(441, '2018-06-01', 5295000, 0, '4'),
(442, '2018-07-01', 5630000, 0, '4'),
(443, '2018-08-01', 5480000, 0, '4'),
(444, '2018-09-01', 5550000, 0, '4'),
(445, '2018-10-01', 5660000, 0, '4'),
(446, '2018-11-01', 5360000, 0, '4'),
(447, '2018-12-01', 5600000, 0, '4'),
(448, '2019-01-01', 5330000, 0, '4'),
(449, '2019-02-01', 5060000, 0, '4'),
(450, '2019-03-01', 5110000, 0, '4'),
(451, '2019-04-01', 5950000, 0, '4'),
(452, '2019-05-01', 5280000, 0, '4'),
(453, '2019-06-01', 5020000, 0, '4'),
(454, '2019-07-01', 5190000, 0, '4'),
(455, '2019-08-01', 4870000, 0, '4'),
(456, '2019-09-01', 4830000, 0, '4'),
(457, '2019-10-01', 4920000, 0, '4'),
(458, '2019-11-01', 4840000, 0, '4'),
(459, '2019-12-01', 4670000, 0, '4'),
(460, '2020-01-01', 5280000, 0, '4'),
(461, '2020-02-01', 4770000, 0, '4'),
(462, '2020-03-01', 4400000, 0, '4'),
(463, '2020-04-01', 2700000, 0, '4'),
(464, '2020-05-01', 2140000, 0, '4'),
(465, '2020-06-01', 2120000, 0, '4'),
(466, '2020-07-01', 1720000, 0, '4'),
(467, '2020-08-01', 140000, 0, '4'),
(468, '2020-09-01', 580000, 0, '4'),
(469, '2020-10-01', 0, 0, '4'),
(470, '2020-11-01', 0, 0, '4'),
(471, '2020-12-01', 0, 0, '4'),
(472, '2021-01-01', 2620000, 0, '4'),
(473, '2021-02-01', 2130000, 0, '4'),
(474, '2021-03-01', 2120000, 0, '4'),
(475, '2021-04-01', 1950000, 0, '4'),
(476, '2021-05-01', 1520000, 0, '4'),
(477, '2021-06-01', 1510000, 0, '4'),
(478, '2021-07-01', 1770000, 0, '4'),
(479, '2021-08-01', 290000, 0, '4'),
(480, '2021-09-01', 1190000, 0, '4'),
(481, '2021-10-01', 2070000, 0, '4'),
(482, '2021-11-01', 2245000, 0, '4'),
(483, '2021-12-01', 2480000, 0, '4'),
(484, '2022-01-01', 2280000, 0, '4'),
(485, '2012-01-01', 6190000, 0, '5'),
(486, '2012-02-01', 5710000, 0, '5'),
(487, '2012-03-01', 6295000, 0, '5'),
(488, '2012-04-01', 5770000, 0, '5'),
(489, '2012-05-01', 4890000, 0, '5'),
(490, '2012-06-01', 5570000, 0, '5'),
(491, '2012-07-01', 6050000, 0, '5'),
(492, '2012-08-01', 6045000, 0, '5'),
(493, '2012-09-01', 5890000, 0, '5'),
(494, '2012-10-01', 6100000, 0, '5'),
(495, '2012-11-01', 5910000, 0, '5'),
(496, '2012-12-01', 5920000, 0, '5'),
(497, '2013-01-01', 5790000, 0, '5'),
(498, '2013-02-01', 5380000, 0, '5'),
(499, '2013-03-01', 6330000, 0, '5'),
(500, '2013-04-01', 5830000, 0, '5'),
(501, '2013-05-01', 6110000, 0, '5'),
(502, '2013-06-01', 6290000, 0, '5'),
(503, '2013-07-01', 6310000, 0, '5'),
(504, '2013-08-01', 6330000, 0, '5'),
(505, '2013-09-01', 6200000, 0, '5'),
(506, '2013-10-01', 6060000, 0, '5'),
(507, '2013-11-01', 6260000, 0, '5'),
(508, '2013-12-01', 6260000, 0, '5'),
(509, '2014-01-01', 6250000, 0, '5'),
(510, '2014-02-01', 5520000, 0, '5'),
(511, '2014-03-01', 6240000, 0, '5'),
(512, '2014-04-01', 5890000, 0, '5'),
(513, '2014-05-01', 6270000, 0, '5'),
(514, '2014-06-01', 6080000, 0, '5'),
(515, '2014-07-01', 5920000, 0, '5'),
(516, '2014-08-01', 6200000, 0, '5'),
(517, '2014-09-01', 5880000, 0, '5'),
(518, '2014-10-01', 5690000, 0, '5'),
(519, '2014-11-01', 5980000, 0, '5'),
(520, '2014-12-01', 6320000, 0, '5'),
(521, '2015-01-01', 6130000, 0, '5'),
(522, '2015-02-01', 5780000, 0, '5'),
(523, '2015-03-01', 6480000, 0, '5'),
(524, '2015-04-01', 6300000, 0, '5'),
(525, '2015-05-01', 6430000, 0, '5'),
(526, '2015-06-01', 6340000, 0, '5'),
(527, '2015-07-01', 6130000, 0, '5'),
(528, '2015-08-01', 6380000, 0, '5'),
(529, '2015-09-01', 6120000, 0, '5'),
(530, '2015-10-01', 6520000, 0, '5'),
(531, '2015-11-01', 6160000, 0, '5'),
(532, '2015-12-01', 6300000, 0, '5'),
(533, '2016-01-01', 6390000, 0, '5'),
(534, '2016-02-01', 6100000, 0, '5'),
(535, '2016-03-01', 6610000, 0, '5'),
(536, '2016-04-01', 6310000, 0, '5'),
(537, '2016-05-01', 6380000, 0, '5'),
(538, '2016-06-01', 6280000, 0, '5'),
(539, '2016-07-01', 6180000, 0, '5'),
(540, '2016-08-01', 6350000, 0, '5'),
(541, '2016-09-01', 6290000, 0, '5'),
(542, '2016-10-01', 6730000, 0, '5'),
(543, '2016-11-01', 6200000, 0, '5'),
(544, '2016-12-01', 6990000, 0, '5'),
(545, '2017-01-01', 6610000, 0, '5'),
(546, '2017-02-01', 5810000, 0, '5'),
(547, '2017-03-01', 6750000, 0, '5'),
(548, '2017-04-01', 6310000, 0, '5'),
(549, '2017-05-01', 6550000, 0, '5'),
(550, '2017-06-01', 6190000, 0, '5'),
(551, '2017-07-01', 6430000, 0, '5'),
(552, '2017-08-01', 6280000, 0, '5'),
(553, '2017-09-01', 5610000, 0, '5'),
(554, '2017-10-01', 5130000, 0, '5'),
(555, '2017-11-01', 6160000, 0, '5'),
(556, '2017-12-01', 6720000, 0, '5'),
(557, '2018-01-01', 6650000, 0, '5'),
(558, '2018-02-01', 5810000, 0, '5'),
(559, '2018-03-01', 6640000, 0, '5'),
(560, '2018-04-01', 6050000, 0, '5'),
(561, '2018-05-01', 6760000, 0, '5'),
(562, '2018-06-01', 6540000, 0, '5'),
(563, '2018-07-01', 6340000, 0, '5'),
(564, '2018-08-01', 6320000, 0, '5'),
(565, '2018-09-01', 5880000, 0, '5'),
(566, '2018-10-01', 6720000, 0, '5'),
(567, '2018-11-01', 6100000, 0, '5'),
(568, '2018-12-01', 6250000, 0, '5'),
(569, '2019-01-01', 6360000, 0, '5'),
(570, '2019-02-01', 4810000, 0, '5'),
(571, '2019-03-01', 6560000, 0, '5'),
(572, '2019-04-01', 6170000, 0, '5'),
(573, '2019-05-01', 6600000, 0, '5'),
(574, '2019-06-01', 6050000, 0, '5'),
(575, '2019-07-01', 6680000, 0, '5'),
(576, '2019-08-01', 6400000, 0, '5'),
(577, '2019-09-01', 6180000, 0, '5'),
(578, '2019-10-01', 6470000, 0, '5'),
(579, '2019-11-01', 6420000, 0, '5'),
(580, '2019-12-01', 6660000, 0, '5'),
(581, '2020-01-01', 6500000, 0, '5'),
(582, '2020-02-01', 5910000, 0, '5'),
(583, '2020-03-01', 5225000, 0, '5'),
(584, '2020-04-01', 2916000, 0, '5'),
(585, '2020-05-01', 3180000, 0, '5'),
(586, '2020-06-01', 3190000, 0, '5'),
(587, '2020-07-01', 2810000, 0, '5'),
(588, '2020-08-01', 3280000, 0, '5'),
(589, '2020-09-01', 3320000, 0, '5'),
(590, '2020-10-01', 0, 0, '5'),
(591, '2020-11-01', 0, 0, '5'),
(592, '2020-12-01', 0, 0, '5'),
(593, '2021-01-01', 3070000, 0, '5'),
(594, '2021-02-01', 2470000, 0, '5'),
(595, '2021-03-01', 3120000, 0, '5'),
(596, '2021-04-01', 3250000, 0, '5'),
(597, '2021-05-01', 3140000, 0, '5'),
(598, '2021-06-01', 2970000, 0, '5'),
(599, '2021-07-01', 120000, 0, '5'),
(600, '2021-08-01', 2370000, 0, '5'),
(601, '2021-09-01', 3365000, 0, '5'),
(602, '2021-10-01', 3180000, 0, '5'),
(603, '2021-11-01', 3990000, 0, '5'),
(604, '2021-12-01', 4020000, 0, '5'),
(605, '2022-01-01', 4170000, 0, '5');

-- --------------------------------------------------------

--
-- Table structure for table `pengeluaran`
--

CREATE TABLE `pengeluaran` (
  `id_pengeluaran` int(11) NOT NULL,
  `tgl` date NOT NULL,
  `id_sebab` varchar(100) NOT NULL,
  `keterangan` varchar(100) NOT NULL,
  `nominal` int(20) NOT NULL,
  `id_mobil` int(11) NOT NULL
) ENGINE=InnoDB DEFAULT CHARSET=utf8mb4;

--
-- Dumping data for table `pengeluaran`
--

INSERT INTO `pengeluaran` (`id_pengeluaran`, `tgl`, `id_sebab`, `keterangan`, `nominal`, `id_mobil`) VALUES
(1, '2012-01-01', '3', 'Input Awal', 625000, 1),
(2, '2012-02-01', '3', 'Input Awal', 437500, 1),
(3, '2012-03-01', '3', 'Input Awal', 2186500, 1),
(4, '2012-04-01', '3', 'Input Awal', 709000, 1),
(5, '2012-05-01', '3', 'Input Awal', 2200000, 1),
(6, '2012-06-01', '3', 'Input Awal', 340000, 1),
(7, '2012-07-01', '3', 'Input Awal', 1330000, 1),
(8, '2012-08-01', '3', 'Input Awal', 880000, 1),
(9, '2012-09-01', '3', 'Input Awal', 1850000, 1),
(10, '2012-10-01', '3', 'Input Awal', 365000, 1),
(11, '2012-11-01', '3', 'Input Awal', 0, 1),
(12, '2012-12-01', '3', 'Input Awal', 152000, 1),
(13, '2013-01-01', '3', 'Input Awal', 1229000, 1),
(14, '2013-02-01', '3', 'Input Awal', 745000, 1),
(15, '2013-03-01', '3', 'Input Awal', 0, 1),
(16, '2013-04-01', '3', 'Input Awal', 0, 1),
(17, '2013-05-01', '3', 'Input Awal', 3569000, 1),
(18, '2013-06-01', '3', 'Input Awal', 3325000, 1),
(19, '2013-07-01', '3', 'Input Awal', 3368000, 1),
(20, '2013-08-01', '3', 'Input Awal', 3786000, 1),
(21, '2013-09-01', '3', 'Input Awal', 3603000, 1),
(22, '2013-10-01', '3', 'Input Awal', 3365000, 1),
(23, '2013-11-01', '3', 'Input Awal', 7620000, 1),
(24, '2013-12-01', '3', 'Input Awal', 7228000, 1),
(25, '2014-01-01', '3', 'Input Awal', 1336000, 1),
(26, '2014-02-01', '3', 'Input Awal', 446000, 1),
(27, '2014-03-01', '3', 'Input Awal', 2385000, 1),
(28, '2014-04-01', '3', 'Input Awal', 1905000, 1),
(29, '2014-05-01', '3', 'Input Awal', 2366000, 1),
(30, '2014-06-01', '3', 'Input Awal', 3135000, 1),
(31, '2014-07-01', '3', 'Input Awal', 525000, 1),
(32, '2014-08-01', '3', 'Input Awal', 1720000, 1),
(33, '2014-09-01', '3', 'Input Awal', 1675000, 1),
(34, '2014-10-01', '3', 'Input Awal', 950000, 1),
(35, '2014-11-01', '3', 'Input Awal', 670000, 1),
(36, '2014-12-01', '3', 'Input Awal', 705000, 1),
(37, '2015-01-01', '3', 'Input Awal', 2300000, 1),
(38, '2015-02-01', '3', 'Input Awal', 705000, 1),
(39, '2015-03-01', '3', 'Input Awal', 2920000, 1),
(40, '2015-04-01', '3', 'Input Awal', 1270000, 1),
(41, '2015-05-01', '3', 'Input Awal', 885000, 1),
(42, '2015-06-01', '3', 'Input Awal', 1125000, 1),
(43, '2015-07-01', '3', 'Input Awal', 1625000, 1),
(44, '2015-08-01', '3', 'Input Awal', 1350000, 1),
(45, '2015-09-01', '3', 'Input Awal', 547000, 1),
(46, '2015-10-01', '3', 'Input Awal', 2400000, 1),
(47, '2015-11-01', '3', 'Input Awal', 375000, 1),
(48, '2015-12-01', '3', 'Input Awal', 2520000, 1),
(49, '2016-01-01', '3', 'Input Awal', 2925000, 1),
(50, '2016-02-01', '3', 'Input Awal', 700000, 1),
(51, '2016-03-01', '3', 'Input Awal', 2525000, 1),
(52, '2016-04-01', '3', 'Input Awal', 4025000, 1),
(53, '2016-05-01', '3', 'Input Awal', 400000, 1),
(54, '2016-06-01', '3', 'Input Awal', 1370000, 1),
(55, '2016-07-01', '3', 'Input Awal', 2240000, 1),
(56, '2016-08-01', '3', 'Input Awal', 2200000, 1),
(57, '2016-09-01', '3', 'Input Awal', 2800000, 1),
(58, '2016-10-01', '3', 'Input Awal', 2757000, 1),
(59, '2016-11-01', '3', 'Input Awal', 2600000, 1),
(60, '2016-12-01', '3', 'Input Awal', 2675000, 1),
(61, '2017-01-01', '3', 'Input Awal', 1965000, 1),
(62, '2017-02-01', '3', 'Input Awal', 4425000, 1),
(63, '2017-03-01', '3', 'Input Awal', 1300000, 1),
(64, '2017-04-01', '3', 'Input Awal', 2845000, 1),
(65, '2017-05-01', '3', 'Input Awal', 1019000, 1),
(66, '2017-06-01', '3', 'Input Awal', 1095000, 1),
(67, '2017-07-01', '3', 'Input Awal', 1655000, 1),
(68, '2017-08-01', '3', 'Input Awal', 3407000, 1),
(69, '2017-09-01', '3', 'Input Awal', 1805000, 1),
(70, '2017-10-01', '3', 'Input Awal', 4255000, 1),
(71, '2017-11-01', '3', 'Input Awal', 7185000, 1),
(72, '2017-12-01', '3', 'Input Awal', 1664500, 1),
(73, '2018-01-01', '3', 'Input Awal', 2229500, 1),
(74, '2018-02-01', '3', 'Input Awal', 2385000, 1),
(75, '2018-03-01', '3', 'Input Awal', 1775000, 1),
(76, '2018-04-01', '3', 'Input Awal', 4511000, 1),
(77, '2018-05-01', '3', 'Input Awal', 2704000, 1),
(78, '2018-06-01', '3', 'Input Awal', 3936000, 1),
(79, '2018-07-01', '3', 'Input Awal', 1696000, 1),
(80, '2018-08-01', '3', 'Input Awal', 2753000, 1),
(81, '2018-09-01', '3', 'Input Awal', 2600000, 1),
(82, '2018-10-01', '3', 'Input Awal', 2192000, 1),
(83, '2018-11-01', '3', 'Input Awal', 5725000, 1),
(84, '2018-12-01', '3', 'Input Awal', 2509000, 1),
(85, '2019-01-01', '3', 'Input Awal', 2969000, 1),
(86, '2019-02-01', '3', 'Input Awal', 1560000, 1),
(87, '2019-03-01', '3', 'Input Awal', 1446000, 1),
(88, '2019-04-01', '3', 'Input Awal', 1620000, 1),
(89, '2019-05-01', '3', 'Input Awal', 3334000, 1),
(90, '2019-06-01', '3', 'Input Awal', 3755000, 1),
(91, '2019-07-01', '3', 'Input Awal', 1962000, 1),
(92, '2019-08-01', '3', 'Input Awal', 2617000, 1),
(93, '2019-09-01', '3', 'Input Awal', 2462000, 1),
(94, '2019-10-01', '3', 'Input Awal', 4193000, 1),
(95, '2019-11-01', '3', 'Input Awal', 2285000, 1),
(96, '2019-12-01', '3', 'Input Awal', 1970000, 1),
(97, '2020-01-01', '3', 'Input Awal', 1890000, 1),
(98, '2020-02-01', '3', 'Input Awal', 1408000, 1),
(99, '2020-03-01', '3', 'Input Awal', 2156000, 1),
(100, '2020-04-01', '3', 'Input Awal', 275000, 1),
(101, '2020-05-01', '3', 'Input Awal', 0, 1),
(102, '2020-06-01', '3', 'Input Awal', 7910000, 1),
(103, '2020-07-01', '3', 'Input Awal', 2414000, 1),
(104, '2020-08-01', '3', 'Input Awal', 4282000, 1),
(105, '2020-09-01', '3', 'Input Awal', 4895000, 1),
(106, '2020-10-01', '3', 'Input Awal', 0, 1),
(107, '2020-11-01', '3', 'Input Awal', 0, 1),
(108, '2020-12-01', '3', 'Input Awal', 0, 1),
(109, '2021-01-01', '3', 'Input Awal', 1200000, 1),
(110, '2021-02-01', '3', 'Input Awal', 953000, 1),
(111, '2021-03-01', '3', 'Input Awal', 1030000, 1),
(112, '2021-04-01', '3', 'Input Awal', 275000, 1),
(113, '2021-05-01', '3', 'Input Awal', 1310000, 1),
(114, '2021-06-01', '3', 'Input Awal', 350000, 1),
(115, '2021-07-01', '3', 'Input Awal', 468000, 1),
(116, '2021-08-01', '3', 'Input Awal', 2155000, 1),
(117, '2021-09-01', '3', 'Input Awal', 2500000, 1),
(118, '2021-10-01', '3', 'Input Awal', 4410000, 1),
(119, '2021-11-01', '3', 'Input Awal', 980000, 1),
(120, '2021-12-01', '3', 'Input Awal', 325000, 1),
(121, '2022-01-01', '3', 'Input Awal', 325000, 1),
(122, '2012-01-01', '3', 'Input Awal', 1369000, 2),
(123, '2012-02-01', '3', 'Input Awal', 8831500, 2),
(124, '2012-03-01', '3', 'Input Awal', 1278000, 2),
(125, '2012-04-01', '3', 'Input Awal', 591500, 2),
(126, '2012-05-01', '3', 'Input Awal', 1750000, 2),
(127, '2012-06-01', '3', 'Input Awal', 2240000, 2),
(128, '2012-07-01', '3', 'Input Awal', 795000, 2),
(129, '2012-08-01', '3', 'Input Awal', 785000, 2),
(130, '2012-09-01', '3', 'Input Awal', 2215000, 2),
(131, '2012-10-01', '3', 'Input Awal', 1989000, 2),
(132, '2012-11-01', '3', 'Input Awal', 1574000, 2),
(133, '2012-12-01', '3', 'Input Awal', 1370000, 2),
(134, '2013-01-01', '3', 'Input Awal', 1229000, 2),
(135, '2013-02-01', '3', 'Input Awal', 745000, 2),
(136, '2013-03-01', '3', 'Input Awal', 0, 2),
(137, '2013-04-01', '3', 'Input Awal', 0, 2),
(138, '2013-05-01', '3', 'Input Awal', 3569000, 2),
(139, '2013-06-01', '3', 'Input Awal', 3325000, 2),
(140, '2013-07-01', '3', 'Input Awal', 3368000, 2),
(141, '2013-08-01', '3', 'Input Awal', 3786000, 2),
(142, '2013-09-01', '3', 'Input Awal', 3603000, 2),
(143, '2013-10-01', '3', 'Input Awal', 3365000, 2),
(144, '2013-11-01', '3', 'Input Awal', 7620000, 2),
(145, '2013-12-01', '3', 'Input Awal', 7228000, 2),
(146, '2014-01-01', '3', 'Input Awal', 1336000, 2),
(147, '2014-02-01', '3', 'Input Awal', 446000, 2),
(148, '2014-03-01', '3', 'Input Awal', 2385000, 2),
(149, '2014-04-01', '3', 'Input Awal', 1905000, 2),
(150, '2014-05-01', '3', 'Input Awal', 2366000, 2),
(151, '2014-06-01', '3', 'Input Awal', 3135000, 2),
(152, '2014-07-01', '3', 'Input Awal', 525000, 2),
(153, '2014-08-01', '3', 'Input Awal', 1720000, 2),
(154, '2014-09-01', '3', 'Input Awal', 1675000, 2),
(155, '2014-10-01', '3', 'Input Awal', 950000, 2),
(156, '2014-11-01', '3', 'Input Awal', 670000, 2),
(157, '2014-12-01', '3', 'Input Awal', 705000, 2),
(158, '2015-01-01', '3', 'Input Awal', 635000, 2),
(159, '2015-02-01', '3', 'Input Awal', 2760000, 2),
(160, '2015-03-01', '3', 'Input Awal', 5850000, 2),
(161, '2015-04-01', '3', 'Input Awal', 1575000, 2),
(162, '2015-05-01', '3', 'Input Awal', 2490000, 2),
(163, '2015-06-01', '3', 'Input Awal', 1150000, 2),
(164, '2015-07-01', '3', 'Input Awal', 730000, 2),
(165, '2015-08-01', '3', 'Input Awal', 1800000, 2),
(166, '2015-09-01', '3', 'Input Awal', 1235000, 2),
(167, '2015-10-01', '3', 'Input Awal', 2395000, 2),
(168, '2015-11-01', '3', 'Input Awal', 925000, 2),
(169, '2015-12-01', '3', 'Input Awal', 1955000, 2),
(170, '2016-01-01', '3', 'Input Awal', 2475000, 2),
(171, '2016-02-01', '3', 'Input Awal', 2125000, 2),
(172, '2016-03-01', '3', 'Input Awal', 2000000, 2),
(173, '2016-04-01', '3', 'Input Awal', 1900000, 2),
(174, '2016-05-01', '3', 'Input Awal', 1835000, 2),
(175, '2016-06-01', '3', 'Input Awal', 2205000, 2),
(176, '2016-07-01', '3', 'Input Awal', 2175000, 2),
(177, '2016-08-01', '3', 'Input Awal', 2450000, 2),
(178, '2016-09-01', '3', 'Input Awal', 3515000, 2),
(179, '2016-10-01', '3', 'Input Awal', 1605000, 2),
(180, '2016-11-01', '3', 'Input Awal', 2770000, 2),
(181, '2016-12-01', '3', 'Input Awal', 3175000, 2),
(182, '2017-01-01', '3', 'Input Awal', 3365000, 2),
(183, '2017-02-01', '3', 'Input Awal', 3910000, 2),
(184, '2017-03-01', '3', 'Input Awal', 3242000, 2),
(185, '2017-04-01', '3', 'Input Awal', 1705000, 2),
(186, '2017-05-01', '3', 'Input Awal', 3754000, 2),
(187, '2017-06-01', '3', 'Input Awal', 1711000, 2),
(188, '2017-07-01', '3', 'Input Awal', 2121000, 2),
(189, '2017-08-01', '3', 'Input Awal', 2595000, 2),
(190, '2017-09-01', '3', 'Input Awal', 330000, 2),
(191, '2017-10-01', '3', 'Input Awal', 1130000, 2),
(192, '2017-11-01', '3', 'Input Awal', 2543000, 2),
(193, '2017-12-01', '3', 'Input Awal', 3677500, 2),
(194, '2018-01-01', '3', 'Input Awal', 2026500, 2),
(195, '2018-02-01', '3', 'Input Awal', 2158000, 2),
(196, '2018-03-01', '3', 'Input Awal', 2753000, 2),
(197, '2018-04-01', '3', 'Input Awal', 1050000, 2),
(198, '2018-05-01', '3', 'Input Awal', 2026000, 2),
(199, '2018-06-01', '3', 'Input Awal', 3475000, 2),
(200, '2018-07-01', '3', 'Input Awal', 1882500, 2),
(201, '2018-08-01', '3', 'Input Awal', 2136000, 2),
(202, '2018-09-01', '3', 'Input Awal', 2515000, 2),
(203, '2018-10-01', '3', 'Input Awal', 2621000, 2),
(204, '2018-11-01', '3', 'Input Awal', 3201000, 2),
(205, '2018-12-01', '3', 'Input Awal', 1479000, 2),
(206, '2019-01-01', '3', 'Input Awal', 1620000, 2),
(207, '2019-02-01', '3', 'Input Awal', 695000, 2),
(208, '2019-03-01', '3', 'Input Awal', 4062000, 2),
(209, '2019-04-01', '3', 'Input Awal', 2383000, 2),
(210, '2019-05-01', '3', 'Input Awal', 3651000, 2),
(211, '2019-06-01', '3', 'Input Awal', 4003000, 2),
(212, '2019-07-01', '3', 'Input Awal', 1982000, 2),
(213, '2019-08-01', '3', 'Input Awal', 4075000, 2),
(214, '2019-09-01', '3', 'Input Awal', 2038000, 2),
(215, '2019-10-01', '3', 'Input Awal', 1993000, 2),
(216, '2019-11-01', '3', 'Input Awal', 3007000, 2),
(217, '2019-12-01', '3', 'Input Awal', 2831000, 2),
(218, '2020-01-01', '3', 'Input Awal', 2325000, 2),
(219, '2020-02-01', '3', 'Input Awal', 1764000, 2),
(220, '2020-03-01', '3', 'Input Awal', 1707000, 2),
(221, '2020-04-01', '3', 'Input Awal', 493000, 2),
(222, '2020-05-01', '3', 'Input Awal', 925000, 2),
(223, '2020-06-01', '3', 'Input Awal', 1907000, 2),
(224, '2020-07-01', '3', 'Input Awal', 2203000, 2),
(225, '2020-08-01', '3', 'Input Awal', 3592000, 2),
(226, '2020-09-01', '3', 'Input Awal', 1419000, 2),
(227, '2020-10-01', '3', 'Input Awal', 0, 2),
(228, '2020-11-01', '3', 'Input Awal', 0, 2),
(229, '2020-12-01', '3', 'Input Awal', 0, 2),
(230, '2021-01-01', '3', 'Input Awal', 1025000, 2),
(231, '2021-02-01', '3', 'Input Awal', 780000, 2),
(232, '2021-03-01', '3', 'Input Awal', 725000, 2),
(233, '2021-04-01', '3', 'Input Awal', 7922000, 2),
(234, '2021-05-01', '3', 'Input Awal', 575000, 2),
(235, '2021-06-01', '3', 'Input Awal', 675000, 2),
(236, '2021-07-01', '3', 'Input Awal', 1025000, 2),
(237, '2021-08-01', '3', 'Input Awal', 1624000, 2),
(238, '2021-09-01', '3', 'Input Awal', 1025000, 2),
(239, '2021-10-01', '3', 'Input Awal', 1780000, 2),
(240, '2021-11-01', '3', 'Input Awal', 325000, 2),
(241, '2021-12-01', '3', 'Input Awal', 505000, 2),
(242, '2022-01-01', '3', 'Input Awal', 10025000, 2),
(243, '2012-01-01', '3', 'Input Awal', 585500, 3),
(244, '2012-02-01', '3', 'Input Awal', 765000, 3),
(245, '2012-03-01', '3', 'Input Awal', 875500, 3),
(246, '2012-04-01', '3', 'Input Awal', 551500, 3),
(247, '2012-05-01', '3', 'Input Awal', 1255000, 3),
(248, '2012-06-01', '3', 'Input Awal', 740000, 3),
(249, '2012-07-01', '3', 'Input Awal', 3635000, 3),
(250, '2012-08-01', '3', 'Input Awal', 1940000, 3),
(251, '2012-09-01', '3', 'Input Awal', 465000, 3),
(252, '2012-10-01', '3', 'Input Awal', 710000, 3),
(253, '2012-11-01', '3', 'Input Awal', 1708500, 3),
(254, '2012-12-01', '3', 'Input Awal', 539000, 3),
(255, '2013-01-01', '3', 'Input Awal', 2565000, 3),
(256, '2013-02-01', '3', 'Input Awal', 1140000, 3),
(257, '2013-03-01', '3', 'Input Awal', 615000, 3),
(258, '2013-04-01', '3', 'Input Awal', 1525000, 3),
(259, '2013-05-01', '3', 'Input Awal', 1681000, 3),
(260, '2013-06-01', '3', 'Input Awal', 2310000, 3),
(261, '2013-07-01', '3', 'Input Awal', 3333000, 3),
(262, '2013-08-01', '3', 'Input Awal', 1213000, 3),
(263, '2013-09-01', '3', 'Input Awal', 560000, 3),
(264, '2013-10-01', '3', 'Input Awal', 1324000, 3),
(265, '2013-11-01', '3', 'Input Awal', 1874000, 3),
(266, '2013-12-01', '3', 'Input Awal', 1941000, 3),
(267, '2014-01-01', '3', 'Input Awal', 4271500, 3),
(268, '2014-02-01', '3', 'Input Awal', 1531000, 3),
(269, '2014-03-01', '3', 'Input Awal', 1952000, 3),
(270, '2014-04-01', '3', 'Input Awal', 1500000, 3),
(271, '2014-05-01', '3', 'Input Awal', 584000, 3),
(272, '2014-06-01', '3', 'Input Awal', 8350000, 3),
(273, '2014-07-01', '3', 'Input Awal', 3200000, 3),
(274, '2014-08-01', '3', 'Input Awal', 670000, 3),
(275, '2014-09-01', '3', 'Input Awal', 2565000, 3),
(276, '2014-10-01', '3', 'Input Awal', 1410000, 3),
(277, '2014-11-01', '3', 'Input Awal', 1575000, 3),
(278, '2014-12-01', '3', 'Input Awal', 500000, 3),
(279, '2015-01-01', '3', 'Input Awal', 665000, 3),
(280, '2015-02-01', '3', 'Input Awal', 1175000, 3),
(281, '2015-03-01', '3', 'Input Awal', 1450000, 3),
(282, '2015-04-01', '3', 'Input Awal', 1050000, 3),
(283, '2015-05-01', '3', 'Input Awal', 775000, 3),
(284, '2015-06-01', '3', 'Input Awal', 405000, 3),
(285, '2015-07-01', '3', 'Input Awal', 2800000, 3),
(286, '2015-08-01', '3', 'Input Awal', 2125000, 3),
(287, '2015-09-01', '3', 'Input Awal', 2025000, 3),
(288, '2015-10-01', '3', 'Input Awal', 2125000, 3),
(289, '2015-11-01', '3', 'Input Awal', 3110000, 3),
(290, '2015-12-01', '3', 'Input Awal', 700000, 3),
(291, '2016-01-01', '3', 'Input Awal', 0, 3),
(292, '2016-02-01', '3', 'Input Awal', 0, 3),
(293, '2016-03-01', '3', 'Input Awal', 0, 3),
(294, '2016-04-01', '3', 'Input Awal', 0, 3),
(295, '2016-05-01', '3', 'Input Awal', 0, 3),
(296, '2016-06-01', '3', 'Input Awal', 10541700, 3),
(297, '2016-07-01', '3', 'Input Awal', 7951700, 3),
(298, '2016-08-01', '3', 'Input Awal', 7391700, 3),
(299, '2016-09-01', '3', 'Input Awal', 10216700, 3),
(300, '2016-10-01', '3', 'Input Awal', 8111700, 3),
(301, '2016-11-01', '3', 'Input Awal', 7150000, 3),
(302, '2016-12-01', '3', 'Input Awal', 8900000, 3),
(303, '2017-01-01', '3', 'Input Awal', 7275000, 3),
(304, '2017-02-01', '3', 'Input Awal', 9285000, 3),
(305, '2017-03-01', '3', 'Input Awal', 7550000, 3),
(306, '2017-04-01', '3', 'Input Awal', 9205000, 3),
(307, '2017-05-01', '3', 'Input Awal', 10095000, 3),
(308, '2017-06-01', '3', 'Input Awal', 10125000, 3),
(309, '2017-07-01', '3', 'Input Awal', 3575000, 3),
(310, '2017-08-01', '3', 'Input Awal', 4201000, 3),
(311, '2017-09-01', '3', 'Input Awal', 3125000, 3),
(312, '2017-10-01', '3', 'Input Awal', 4594000, 3),
(313, '2017-11-01', '3', 'Input Awal', 4835000, 3),
(314, '2017-12-01', '3', 'Input Awal', 4945000, 3),
(315, '2018-01-01', '3', 'Input Awal', 8580000, 3),
(316, '2018-02-01', '3', 'Input Awal', 1075000, 3),
(317, '2018-03-01', '3', 'Input Awal', 1333000, 3),
(318, '2018-04-01', '3', 'Input Awal', 430000, 3),
(319, '2018-05-01', '3', 'Input Awal', 2616000, 3),
(320, '2018-06-01', '3', 'Input Awal', 828000, 3),
(321, '2018-07-01', '3', 'Input Awal', 1732500, 3),
(322, '2018-08-01', '3', 'Input Awal', 2087000, 3),
(323, '2018-09-01', '3', 'Input Awal', 3995000, 3),
(324, '2018-10-01', '3', 'Input Awal', 3328000, 3),
(325, '2018-11-01', '3', 'Input Awal', 1125000, 3),
(326, '2018-12-01', '3', 'Input Awal', 2650000, 3),
(327, '2019-01-01', '3', 'Input Awal', 1018000, 3),
(328, '2019-02-01', '3', 'Input Awal', 1527000, 3),
(329, '2019-03-01', '3', 'Input Awal', 2620000, 3),
(330, '2019-04-01', '3', 'Input Awal', 1562000, 3),
(331, '2019-05-01', '3', 'Input Awal', 3240000, 3),
(332, '2019-06-01', '3', 'Input Awal', 790000, 3),
(333, '2019-07-01', '3', 'Input Awal', 3304000, 3),
(334, '2019-08-01', '3', 'Input Awal', 4793000, 3),
(335, '2019-09-01', '3', 'Input Awal', 817000, 3),
(336, '2019-10-01', '3', 'Input Awal', 1929000, 3),
(337, '2019-11-01', '3', 'Input Awal', 2584000, 3),
(338, '2019-12-01', '3', 'Input Awal', 2319000, 3),
(339, '2020-01-01', '3', 'Input Awal', 2150000, 3),
(340, '2020-02-01', '3', 'Input Awal', 2593000, 3),
(341, '2020-03-01', '3', 'Input Awal', 2072000, 3),
(342, '2020-04-01', '3', 'Input Awal', 1158000, 3),
(343, '2020-05-01', '3', 'Input Awal', 1586000, 3),
(344, '2020-06-01', '3', 'Input Awal', 4559000, 3),
(345, '2020-07-01', '3', 'Input Awal', 1628000, 3),
(346, '2020-08-01', '3', 'Input Awal', 739000, 3),
(347, '2020-09-01', '3', 'Input Awal', 653000, 3),
(348, '2020-10-01', '3', 'Input Awal', 0, 3),
(349, '2020-11-01', '3', 'Input Awal', 0, 3),
(350, '2020-12-01', '3', 'Input Awal', 0, 3),
(351, '2021-01-01', '3', 'Input Awal', 655000, 3),
(352, '2021-02-01', '3', 'Input Awal', 2563000, 3),
(353, '2021-03-01', '3', 'Input Awal', 425000, 3),
(354, '2021-04-01', '3', 'Input Awal', 717000, 3),
(355, '2021-05-01', '3', 'Input Awal', 3535000, 3),
(356, '2021-06-01', '3', 'Input Awal', 3940000, 3),
(357, '2021-07-01', '3', 'Input Awal', 275000, 3),
(358, '2021-08-01', '3', 'Input Awal', 715000, 3),
(359, '2021-09-01', '3', 'Input Awal', 2075000, 3),
(360, '2021-10-01', '3', 'Input Awal', 690000, 3),
(361, '2021-11-01', '3', 'Input Awal', 4175000, 3),
(362, '2021-12-01', '3', 'Input Awal', 2325000, 3),
(363, '2022-01-01', '3', 'Input Awal', 3125000, 3),
(364, '2012-01-01', '3', 'Input Awal', 1919000, 4),
(365, '2012-02-01', '3', 'Input Awal', 4744000, 4),
(366, '2012-03-01', '3', 'Input Awal', 2485000, 4),
(367, '2012-04-01', '3', 'Input Awal', 1703500, 4),
(368, '2012-05-01', '3', 'Input Awal', 1065000, 4),
(369, '2012-06-01', '3', 'Input Awal', 772500, 4),
(370, '2012-07-01', '3', 'Input Awal', 1575000, 4),
(371, '2012-08-01', '3', 'Input Awal', 1765000, 4),
(372, '2012-09-01', '3', 'Input Awal', 1560000, 4),
(373, '2012-10-01', '3', 'Input Awal', 1315000, 4),
(374, '2012-11-01', '3', 'Input Awal', 3815000, 4),
(375, '2012-12-01', '3', 'Input Awal', 2370000, 4),
(376, '2013-01-01', '3', 'Input Awal', 891000, 4),
(377, '2013-02-01', '3', 'Input Awal', 996000, 4),
(378, '2013-03-01', '3', 'Input Awal', 2718000, 4),
(379, '2013-04-01', '3', 'Input Awal', 1517000, 4),
(380, '2013-05-01', '3', 'Input Awal', 1451000, 4),
(381, '2013-06-01', '3', 'Input Awal', 2240000, 4),
(382, '2013-07-01', '3', 'Input Awal', 1565500, 4),
(383, '2013-08-01', '3', 'Input Awal', 1296000, 4),
(384, '2013-09-01', '3', 'Input Awal', 2090000, 4),
(385, '2013-10-01', '3', 'Input Awal', 2469000, 4),
(386, '2013-11-01', '3', 'Input Awal', 2084000, 4),
(387, '2013-12-01', '3', 'Input Awal', 2084000, 4),
(388, '2014-01-01', '3', 'Input Awal', 2105000, 4),
(389, '2014-02-01', '3', 'Input Awal', 1243000, 4),
(390, '2014-03-01', '3', 'Input Awal', 2391000, 4),
(391, '2014-04-01', '3', 'Input Awal', 3300000, 4),
(392, '2014-05-01', '3', 'Input Awal', 1626000, 4),
(393, '2014-06-01', '3', 'Input Awal', 1975000, 4),
(394, '2014-07-01', '3', 'Input Awal', 2100000, 4),
(395, '2014-08-01', '3', 'Input Awal', 250000, 4),
(396, '2014-09-01', '3', 'Input Awal', 0, 4),
(397, '2014-10-01', '3', 'Input Awal', 28475000, 4),
(398, '2014-11-01', '3', 'Input Awal', 9120000, 4),
(399, '2014-12-01', '3', 'Input Awal', 1640000, 4),
(400, '2015-01-01', '3', 'Input Awal', 1560000, 4),
(401, '2015-02-01', '3', 'Input Awal', 3150000, 4),
(402, '2015-03-01', '3', 'Input Awal', 1650000, 4),
(403, '2015-04-01', '3', 'Input Awal', 1935000, 4),
(404, '2015-05-01', '3', 'Input Awal', 2505000, 4),
(405, '2015-06-01', '3', 'Input Awal', 1025000, 4),
(406, '2015-07-01', '3', 'Input Awal', 3260000, 4),
(407, '2015-08-01', '3', 'Input Awal', 1575000, 4),
(408, '2015-09-01', '3', 'Input Awal', 2350000, 4),
(409, '2015-10-01', '3', 'Input Awal', 2300000, 4),
(410, '2015-11-01', '3', 'Input Awal', 4548000, 4),
(411, '2015-12-01', '3', 'Input Awal', 2325000, 4),
(412, '2016-01-01', '3', 'Input Awal', 3350000, 4),
(413, '2016-02-01', '3', 'Input Awal', 1600000, 4),
(414, '2016-03-01', '3', 'Input Awal', 2970000, 4),
(415, '2016-04-01', '3', 'Input Awal', 2075000, 4),
(416, '2016-05-01', '3', 'Input Awal', 2900000, 4),
(417, '2016-06-01', '3', 'Input Awal', 1550000, 4),
(418, '2016-07-01', '3', 'Input Awal', 3150000, 4),
(419, '2016-08-01', '3', 'Input Awal', 1915000, 4),
(420, '2016-09-01', '3', 'Input Awal', 2205000, 4),
(421, '2016-10-01', '3', 'Input Awal', 5700000, 4),
(422, '2016-11-01', '3', 'Input Awal', 3890000, 4),
(423, '2016-12-01', '3', 'Input Awal', 3860000, 4),
(424, '2017-01-01', '3', 'Input Awal', 3100000, 4),
(425, '2017-02-01', '3', 'Input Awal', 3150000, 4),
(426, '2017-03-01', '3', 'Input Awal', 6282000, 4),
(427, '2017-04-01', '3', 'Input Awal', 3479500, 4),
(428, '2017-05-01', '3', 'Input Awal', 3351000, 4),
(429, '2017-06-01', '3', 'Input Awal', 3186000, 4),
(430, '2017-07-01', '3', 'Input Awal', 4471000, 4),
(431, '2017-08-01', '3', 'Input Awal', 3145000, 4),
(432, '2017-09-01', '3', 'Input Awal', 3243000, 4),
(433, '2017-10-01', '3', 'Input Awal', 1630000, 4),
(434, '2017-11-01', '3', 'Input Awal', 1931000, 4),
(435, '2017-12-01', '3', 'Input Awal', 2365500, 4),
(436, '2018-01-01', '3', 'Input Awal', 3951000, 4),
(437, '2018-02-01', '3', 'Input Awal', 1160000, 4),
(438, '2018-03-01', '3', 'Input Awal', 4068000, 4),
(439, '2018-04-01', '3', 'Input Awal', 2810000, 4),
(440, '2018-05-01', '3', 'Input Awal', 7719000, 4),
(441, '2018-06-01', '3', 'Input Awal', 1205000, 4),
(442, '2018-07-01', '3', 'Input Awal', 3154000, 4),
(443, '2018-08-01', '3', 'Input Awal', 2855000, 4),
(444, '2018-09-01', '3', 'Input Awal', 3050000, 4),
(445, '2018-10-01', '3', 'Input Awal', 2595000, 4),
(446, '2018-11-01', '3', 'Input Awal', 2485000, 4),
(447, '2018-12-01', '3', 'Input Awal', 2142000, 4),
(448, '2019-01-01', '3', 'Input Awal', 3249000, 4),
(449, '2019-02-01', '3', 'Input Awal', 1728000, 4),
(450, '2019-03-01', '3', 'Input Awal', 3167000, 4),
(451, '2019-04-01', '3', 'Input Awal', 2279000, 4),
(452, '2019-05-01', '3', 'Input Awal', 2260000, 4),
(453, '2019-06-01', '3', 'Input Awal', 3504000, 4),
(454, '2019-07-01', '3', 'Input Awal', 2368000, 4),
(455, '2019-08-01', '3', 'Input Awal', 3905000, 4),
(456, '2019-09-01', '3', 'Input Awal', 2120000, 4),
(457, '2019-10-01', '3', 'Input Awal', 1389000, 4),
(458, '2019-11-01', '3', 'Input Awal', 5335000, 4),
(459, '2019-12-01', '3', 'Input Awal', 2075000, 4),
(460, '2020-01-01', '3', 'Input Awal', 2535000, 4),
(461, '2020-02-01', '3', 'Input Awal', 2624000, 4),
(462, '2020-03-01', '3', 'Input Awal', 2438000, 4),
(463, '2020-04-01', '3', 'Input Awal', 2575000, 4),
(464, '2020-05-01', '3', 'Input Awal', 1097000, 4),
(465, '2020-06-01', '3', 'Input Awal', 1298000, 4),
(466, '2020-07-01', '3', 'Input Awal', 2754000, 4),
(467, '2020-08-01', '3', 'Input Awal', 3217000, 4),
(468, '2020-09-01', '3', 'Input Awal', 21175000, 4),
(469, '2020-10-01', '3', 'Input Awal', 0, 4),
(470, '2020-11-01', '3', 'Input Awal', 0, 4),
(471, '2020-12-01', '3', 'Input Awal', 0, 4),
(472, '2021-01-01', '3', 'Input Awal', 1040000, 4),
(473, '2021-02-01', '3', 'Input Awal', 2422000, 4),
(474, '2021-03-01', '3', 'Input Awal', 1650000, 4),
(475, '2021-04-01', '3', 'Input Awal', 2225000, 4),
(476, '2021-05-01', '3', 'Input Awal', 925000, 4),
(477, '2021-06-01', '3', 'Input Awal', 2510000, 4),
(478, '2021-07-01', '3', 'Input Awal', 2550000, 4),
(479, '2021-08-01', '3', 'Input Awal', 1828000, 4),
(480, '2021-09-01', '3', 'Input Awal', 1455000, 4),
(481, '2021-10-01', '3', 'Input Awal', 1355000, 4),
(482, '2021-11-01', '3', 'Input Awal', 1180000, 4),
(483, '2021-12-01', '3', 'Input Awal', 4175000, 4),
(484, '2022-01-01', '3', 'Input Awal', 1255000, 4),
(485, '2012-01-01', '3', 'Input Awal', 5021000, 5),
(486, '2012-02-01', '3', 'Input Awal', 4586000, 5),
(487, '2012-03-01', '3', 'Input Awal', 4971000, 5),
(488, '2012-04-01', '3', 'Input Awal', 4141000, 5),
(489, '2012-05-01', '3', 'Input Awal', 4271000, 5),
(490, '2012-06-01', '3', 'Input Awal', 4571000, 5),
(491, '2012-07-01', '3', 'Input Awal', 5591000, 5),
(492, '2012-08-01', '3', 'Input Awal', 4721000, 5),
(493, '2012-09-01', '3', 'Input Awal', 7356000, 5),
(494, '2012-10-01', '3', 'Input Awal', 5011000, 5),
(495, '2012-11-01', '3', 'Input Awal', 5746000, 5),
(496, '2012-12-01', '3', 'Input Awal', 5841000, 5),
(497, '2013-01-01', '3', 'Input Awal', 4685000, 5),
(498, '2013-02-01', '3', 'Input Awal', 4945000, 5),
(499, '2013-03-01', '3', 'Input Awal', 4715000, 5),
(500, '2013-04-01', '3', 'Input Awal', 6626000, 5),
(501, '2013-05-01', '3', 'Input Awal', 4769000, 5),
(502, '2013-06-01', '3', 'Input Awal', 5871000, 5),
(503, '2013-07-01', '3', 'Input Awal', 4823500, 5),
(504, '2013-08-01', '3', 'Input Awal', 4425000, 5),
(505, '2013-09-01', '3', 'Input Awal', 4986000, 5),
(506, '2013-10-01', '3', 'Input Awal', 6931000, 5),
(507, '2013-11-01', '3', 'Input Awal', 795000, 5),
(508, '2013-12-01', '3', 'Input Awal', 795000, 5),
(509, '2014-01-01', '3', 'Input Awal', 2661000, 5),
(510, '2014-02-01', '3', 'Input Awal', 1720000, 5),
(511, '2014-03-01', '3', 'Input Awal', 2445000, 5),
(512, '2014-04-01', '3', 'Input Awal', 1210000, 5),
(513, '2014-05-01', '3', 'Input Awal', 1596000, 5),
(514, '2014-06-01', '3', 'Input Awal', 3220000, 5),
(515, '2014-07-01', '3', 'Input Awal', 2155000, 5),
(516, '2014-08-01', '3', 'Input Awal', 1450000, 5),
(517, '2014-09-01', '3', 'Input Awal', 2690000, 5),
(518, '2014-10-01', '3', 'Input Awal', 2525000, 5),
(519, '2014-11-01', '3', 'Input Awal', 3300000, 5),
(520, '2014-12-01', '3', 'Input Awal', 2855000, 5),
(521, '2015-01-01', '3', 'Input Awal', 1640000, 5),
(522, '2015-02-01', '3', 'Input Awal', 2475000, 5),
(523, '2015-03-01', '3', 'Input Awal', 1825000, 5),
(524, '2015-04-01', '3', 'Input Awal', 2875000, 5),
(525, '2015-05-01', '3', 'Input Awal', 1200000, 5),
(526, '2015-06-01', '3', 'Input Awal', 1310000, 5),
(527, '2015-07-01', '3', 'Input Awal', 1470000, 5),
(528, '2015-08-01', '3', 'Input Awal', 2255000, 5),
(529, '2015-09-01', '3', 'Input Awal', 1850000, 5),
(530, '2015-10-01', '3', 'Input Awal', 1865000, 5),
(531, '2015-11-01', '3', 'Input Awal', 3810000, 5),
(532, '2015-12-01', '3', 'Input Awal', 1365000, 5),
(533, '2016-01-01', '3', 'Input Awal', 3850000, 5),
(534, '2016-02-01', '3', 'Input Awal', 1425000, 5),
(535, '2016-03-01', '3', 'Input Awal', 1550000, 5),
(536, '2016-04-01', '3', 'Input Awal', 1800000, 5),
(537, '2016-05-01', '3', 'Input Awal', 1750000, 5),
(538, '2016-06-01', '3', 'Input Awal', 2000000, 5),
(539, '2016-07-01', '3', 'Input Awal', 3410000, 5),
(540, '2016-08-01', '3', 'Input Awal', 2470000, 5),
(541, '2016-09-01', '3', 'Input Awal', 2025000, 5),
(542, '2016-10-01', '3', 'Input Awal', 2165000, 5),
(543, '2016-11-01', '3', 'Input Awal', 3670000, 5),
(544, '2016-12-01', '3', 'Input Awal', 2330000, 5),
(545, '2017-01-01', '3', 'Input Awal', 3035000, 5),
(546, '2017-02-01', '3', 'Input Awal', 1780000, 5),
(547, '2017-03-01', '3', 'Input Awal', 2722000, 5),
(548, '2017-04-01', '3', 'Input Awal', 2645000, 5),
(549, '2017-05-01', '3', 'Input Awal', 2835000, 5),
(550, '2017-06-01', '3', 'Input Awal', 2345000, 5),
(551, '2017-07-01', '3', 'Input Awal', 2294000, 5),
(552, '2017-08-01', '3', 'Input Awal', 2220000, 5),
(553, '2017-09-01', '3', 'Input Awal', 3286000, 5),
(554, '2017-10-01', '3', 'Input Awal', 7557000, 5),
(555, '2017-11-01', '3', 'Input Awal', 2164000, 5),
(556, '2017-12-01', '3', 'Input Awal', 1207500, 5),
(557, '2018-01-01', '3', 'Input Awal', 1417500, 5),
(558, '2018-02-01', '3', 'Input Awal', 4800000, 5),
(559, '2018-03-01', '3', 'Input Awal', 1909000, 5),
(560, '2018-04-01', '3', 'Input Awal', 4841500, 5),
(561, '2018-05-01', '3', 'Input Awal', 930000, 5),
(562, '2018-06-01', '3', 'Input Awal', 1845000, 5),
(563, '2018-07-01', '3', 'Input Awal', 2103500, 5),
(564, '2018-08-01', '3', 'Input Awal', 3731000, 5),
(565, '2018-09-01', '3', 'Input Awal', 2681000, 5),
(566, '2018-10-01', '3', 'Input Awal', 2106000, 5),
(567, '2018-11-01', '3', 'Input Awal', 4235000, 5),
(568, '2018-12-01', '3', 'Input Awal', 3052000, 5),
(569, '2019-01-01', '3', 'Input Awal', 3586000, 5),
(570, '2019-02-01', '3', 'Input Awal', 4371000, 5),
(571, '2019-03-01', '3', 'Input Awal', 3408000, 5),
(572, '2019-04-01', '3', 'Input Awal', 2775000, 5),
(573, '2019-05-01', '3', 'Input Awal', 2844000, 5),
(574, '2019-06-01', '3', 'Input Awal', 2699000, 5),
(575, '2019-07-01', '3', 'Input Awal', 1315000, 5),
(576, '2019-08-01', '3', 'Input Awal', 4293000, 5),
(577, '2019-09-01', '3', 'Input Awal', 2887000, 5),
(578, '2019-10-01', '3', 'Input Awal', 3581000, 5),
(579, '2019-11-01', '3', 'Input Awal', 2836000, 5),
(580, '2019-12-01', '3', 'Input Awal', 3876000, 5),
(581, '2020-01-01', '3', 'Input Awal', 1759000, 5),
(582, '2020-02-01', '3', 'Input Awal', 2615000, 5),
(583, '2020-03-01', '3', 'Input Awal', 4716000, 5),
(584, '2020-04-01', '3', 'Input Awal', 1081000, 5),
(585, '2020-05-01', '3', 'Input Awal', 1315000, 5),
(586, '2020-06-01', '3', 'Input Awal', 1419000, 5),
(587, '2020-07-01', '3', 'Input Awal', 1617000, 5),
(588, '2020-08-01', '3', 'Input Awal', 2214000, 5),
(589, '2020-09-01', '3', 'Input Awal', 1991000, 5),
(590, '2020-10-01', '3', 'Input Awal', 0, 5),
(591, '2020-11-01', '3', 'Input Awal', 0, 5),
(592, '2020-12-01', '3', 'Input Awal', 0, 5),
(593, '2021-01-01', '3', 'Input Awal', 1593000, 5),
(594, '2021-02-01', '3', 'Input Awal', 1078000, 5),
(595, '2021-03-01', '3', 'Input Awal', 3370000, 5),
(596, '2021-04-01', '3', 'Input Awal', 1999000, 5),
(597, '2021-05-01', '3', 'Input Awal', 1075000, 5),
(598, '2021-06-01', '3', 'Input Awal', 1475000, 5),
(599, '2021-07-01', '3', 'Input Awal', 275000, 5),
(600, '2021-08-01', '3', 'Input Awal', 2072000, 5),
(601, '2021-09-01', '3', 'Input Awal', 2875000, 5),
(602, '2021-10-01', '3', 'Input Awal', 2475000, 5),
(603, '2021-11-01', '3', 'Input Awal', 2165000, 5),
(604, '2021-12-01', '3', 'Input Awal', 3255000, 5),
(605, '2022-01-01', '3', 'Input Awal', 1825000, 5);

-- --------------------------------------------------------

--
-- Table structure for table `sebab`
--

CREATE TABLE `sebab` (
  `id_sebab` int(11) NOT NULL,
  `sebab` varchar(50) NOT NULL
) ENGINE=InnoDB DEFAULT CHARSET=utf8mb4;

--
-- Dumping data for table `sebab`
--

INSERT INTO `sebab` (`id_sebab`, `sebab`) VALUES
(1, 'Ganti Ban'),
(2, 'Ganti Oli'),
(3, 'Lain-Lain');

-- --------------------------------------------------------

--
-- Table structure for table `user`
--

CREATE TABLE `user` (
  `ID_USER` int(5) NOT NULL,
  `USERNAME` varchar(100) NOT NULL,
  `PASSWORD` varchar(100) NOT NULL,
  `FULLNAME` varchar(100) NOT NULL,
  `LEVEL` varchar(100) NOT NULL,
  `alamat` varchar(100) NOT NULL,
  `telp` int(11) NOT NULL
) ENGINE=InnoDB DEFAULT CHARSET=utf8mb4;

--
-- Dumping data for table `user`
--

INSERT INTO `user` (`ID_USER`, `USERNAME`, `PASSWORD`, `FULLNAME`, `LEVEL`, `alamat`, `telp`) VALUES
(1, 'admin', '123456', 'Mochamad Isfandiari', 'Administrator', '', 0),
(2, 'S1', 's1', 'Sopir 1', 'Sopir', '5th Avenue', 8888),
(3, 'S2', 'S2', 'Sopir 2', 'Sopir', 'jjad', 8888888),
(7, 'S3', '12', 'Sopir 3', 'Sopir', 'dwad', 7),
(8, 'S4', '312', 'Sopir 4', 'Sopir', 'DWAW', 89),
(9, 'S5', '12', 'Sopir 5', 'Sopir', 'jjad', 8888888),
(10, 'S6', '12', 'Sopir 6', 'Sopir', 'jjad', 8888),
(11, 'S7', '12', 'Sopir 7', 'Sopir', 'jjad', 8888888),
(12, 'S8', '12', 'Sopir 8', 'Sopir', 'jjad', 8888),
(13, 'S9', '12', 'Sopir 9', 'Sopir', 'jjad', 89),
(14, 'S10', '12', 'Sopir 10', 'Sopir', '5th Avenue 122', 89);

--
-- Indexes for dumped tables
--

--
-- Indexes for table `mobil`
--
ALTER TABLE `mobil`
  ADD PRIMARY KEY (`id_mobil`);

--
-- Indexes for table `pendapatan`
--
ALTER TABLE `pendapatan`
  ADD PRIMARY KEY (`id_pendapatan`);

--
-- Indexes for table `pengeluaran`
--
ALTER TABLE `pengeluaran`
  ADD PRIMARY KEY (`id_pengeluaran`);

--
-- Indexes for table `sebab`
--
ALTER TABLE `sebab`
  ADD PRIMARY KEY (`id_sebab`);

--
-- Indexes for table `user`
--
ALTER TABLE `user`
  ADD PRIMARY KEY (`ID_USER`);

--
-- AUTO_INCREMENT for dumped tables
--

--
-- AUTO_INCREMENT for table `mobil`
--
ALTER TABLE `mobil`
  MODIFY `id_mobil` int(11) NOT NULL AUTO_INCREMENT, AUTO_INCREMENT=10;

--
-- AUTO_INCREMENT for table `pendapatan`
--
ALTER TABLE `pendapatan`
  MODIFY `id_pendapatan` int(11) NOT NULL AUTO_INCREMENT, AUTO_INCREMENT=607;

--
-- AUTO_INCREMENT for table `pengeluaran`
--
ALTER TABLE `pengeluaran`
  MODIFY `id_pengeluaran` int(11) NOT NULL AUTO_INCREMENT, AUTO_INCREMENT=606;

--
-- AUTO_INCREMENT for table `sebab`
--
ALTER TABLE `sebab`
  MODIFY `id_sebab` int(11) NOT NULL AUTO_INCREMENT, AUTO_INCREMENT=4;

--
-- AUTO_INCREMENT for table `user`
--
ALTER TABLE `user`
  MODIFY `ID_USER` int(5) NOT NULL AUTO_INCREMENT, AUTO_INCREMENT=15;
COMMIT;

/*!40101 SET CHARACTER_SET_CLIENT=@OLD_CHARACTER_SET_CLIENT */;
/*!40101 SET CHARACTER_SET_RESULTS=@OLD_CHARACTER_SET_RESULTS */;
/*!40101 SET COLLATION_CONNECTION=@OLD_COLLATION_CONNECTION */;
